status,publish_date,slug,title,description,category,tags,seo_title,seo_description,key_takeaways,body,related_slugs,notes,published_url,published_at,commit_sha,error
draft,2026-07-01,example-article-slug,Example article title,One-sentence description for the article card and SEO preview.,AI Learning Notes,"ai, learning, builder notes",Example SEO title,Short SEO description under 155 characters.,Takeaway one | Takeaway two | Takeaway three,"## Start with a clear heading

Write the full article body here in Markdown. Use headings, paragraphs, and bullet lists. No frontmatter needed.",,Use this row as a reference. Keep status as draft until the article is approved.,,,,
ready,2026-07-04,turning-ai-study-notes-into-real-products,Turning AI Study Notes Into Real Products,"A practical note on how Jamshaid turns AI learning, experiments, and founder thinking into useful software products.",AI Learning Notes,"ai learning, product building, founder notes, applied ai",Turning AI Study Notes Into Real Products,"How AI study notes become useful products through small experiments, clear problems, and repeatable founder workflows.","Learning becomes valuable when it turns into shipped systems | Small experiments reduce risk before building full products | Founder notes can become content, services, and product ideas","## Learning is only useful when it moves into practice

Studying AI can easily become abstract. There are models, frameworks, papers, tools, benchmarks, and opinions everywhere. The useful question for me is simpler: what can this help me build?

When I learn a concept, I try to connect it to a real workflow. If I study embeddings, I think about search, support, recommendations, and knowledge systems. If I study evaluation, I think about how a founder can know whether an AI feature is actually helping users. If I study automation, I think about where repeated human work can become a reliable system.

## The product loop I keep returning to

My current loop is straightforward:

- Capture the concept in plain language.
- Find a real business or user problem connected to it.
- Build a small version before designing the full product.
- Test whether it saves time, improves quality, or creates a clearer decision.
- Turn the lesson into an article, service idea, or product feature.

This loop keeps learning grounded. It also protects me from building impressive demos that do not solve anything important.

## Why small experiments matter

A small experiment can show the truth faster than a large plan. For example, before building a complete AI assistant, I can test one narrow task: summarizing client notes, classifying leads, creating article drafts, or checking form submissions. If the narrow task works, the product can grow from evidence instead of hope.

This is especially important for founder-led products. Time is limited, attention is expensive, and every feature has a maintenance cost. A simple test helps decide whether the idea deserves more energy.

## How this connects to JamshaidAmjad.com

This website is part of that same system. Articles are not just content. They are a public record of learning, thinking, and building. The best posts can become client conversations, workshop ideas, product requirements, and reusable explanations.

That is why the editorial workflow matters. Writing in a sheet, approving a row, and publishing through the website makes content part of the operating system instead of a random side task.

## The practical takeaway

AI learning becomes more powerful when it is connected to real output. Read, test, write, build, and repeat. The goal is not to know every concept. The goal is to create useful systems from the concepts that matter.","from-learning-to-building-my-applied-ai-journey,how-i-think-about-building-ai-products,what-im-learning-about-artificial-intelligence",Test workflow article. Change status to ready when approved.,,,,
